game_id,date,season,week,league,away,home,assisted_tackles,def_interceptions,defensive_bk,defensive_pd,defensive_tds,forced_fumbles,fumble_recoveries,interceptions,kick_returns,kr_avg,kr_long,kr_tds,kr_yards,pass_attempts,pass_completions,pass_defended,pass_long,passing_tds,passing_yards,rec_avg,rec_long,receiving_tds,receiving_yards,receptions,rush_avg,rush_long,rushing_attempts,rushing_tds,rushing_yards,sacks,safeties,solo_tackles,tackles,tackles_for_loss,tfl_yards
FOOTBALL_NAL_2026_3_13_T600414G1127142@T573852,2026-03-14,2026,2,NAL,Southwest Kansas Storm,Louisiana Rouxgaroux,3.0,0.0,0.0,1.0,0.0,0.0,0.0,,,,,,,,,,,,,,,,,,,,,,,0.0,0.0,,0.0,,
FOOTBALL_NAL_2026_3_28_T566774G1127145@T600414,2026-03-28,2026,4,NAL,Omaha Beef,Southwest Kansas Storm,1.0,1.0,0.0,0.0,0.0,1.0,0.0,,,,,,,,,,,,,,,,,,,,,,,0.0,0.0,,2.0,,
FOOTBALL_IFL_2026_4_11_TSANDIEGOSTRIKEFORCEG202604116LJB@TTUCSONSUGARSKULLS,2026-04-11,2026,5,IFL,San Diego Strike Force,Tucson Sugar Skulls,,,,,,,,,,,,,,,,,,,,2.0,2.0,0.0,2.0,1.0,,,,,,,,,,,
FOOTBALL_NAL_2026_4_4_T570667G1127152@T600414,2026-04-04,2026,5,NAL,Colorado Spartans,Southwest Kansas Storm,0.0,1.0,0.0,2.0,0.0,0.0,0.0,,,,,,,,,,,,,,,,,,,,,,,0.0,0.0,,0.0,,
FOOTBALL_IFL_2026_4_19_TNEWMEXICOCHUPACABRASG20260419817Y@TTUCSONSUGARSKULLS,2026-04-19,2026,6,IFL,New Mexico Chupacabras,Tucson Sugar Skulls,0.0,,,,,,,,,,,,,,,1.0,,,,10.0,12.0,0.0,20.0,2.0,0.0,0.0,1.0,0.0,0.0,,,0.0,0.0,,
FOOTBALL_NAL_2026_4_11_T570666G1127155@T600414,2026-04-11,2026,6,NAL,Sioux City Bandits,Southwest Kansas Storm,1.0,0.0,0.0,1.0,0.0,0.0,0.0,,,,,,,,,,,,,,,,,,,,,,,0.0,0.0,,2.0,,
FOOTBALL_IFL_2026_4_26_TTUCSONSUGARSKULLSG202604264V0I@TSANDIEGOSTRIKEFORCE,2026-04-26,2026,7,IFL,Tucson Sugar Skulls,San Diego Strike Force,0.0,,,,,,,,,,,,,,,,,,,10.0,10.0,0.0,10.0,1.0,-2.0,0.0,1.0,0.0,-2.0,,,1.0,1.0,,
FOOTBALL_NAL_2026_4_18_T600414G1127159@T566773,2026-04-18,2026,7,NAL,Southwest Kansas Storm,Amarillo Warbirds,0.0,0.0,0.0,0.0,0.0,1.0,1.0,,,,,,,,,,,,,,,,,,,,,,,0.0,0.0,,0.0,,
FOOTBALL_IFL_2026_5_2_TSANANTONIOGUNSLINGERSG202605025PR1@TTUCSONSUGARSKULLS,2026-05-02,2026,8,IFL,San Antonio Gunslingers,Tucson Sugar Skulls,,,,,,,,,,,,,,,,,,,,,,,,,2.0,2.0,1.0,0.0,2.0,,,,,,
FOOTBALL_NAL_2026_4_25_T600414G1127162@T600411,2026-04-25,2026,8,NAL,Southwest Kansas Storm,Salina Liberty,1.0,0.0,0.0,1.0,0.0,1.0,0.0,,,,,,,,,,,,,,,,,,,,,,,0.0,0.0,,4.0,,
FOOTBALL_NAL_2026_5_2_T600414G1127163@T566773,2026-05-02,2026,9,NAL,Southwest Kansas Storm,Amarillo Warbirds,1.0,0.0,0.0,0.0,0.0,0.0,0.0,,,,,,,,,,,,,,,,,,,,,,,0.0,0.0,,3.0,,
FOOTBALL_IFL_2026_5_15_TTUCSONSUGARSKULLSG20260515CE9O@TQUADCITYSTEAMWHEELERS,2026-05-15,2026,10,IFL,Tucson Sugar Skulls,Quad City Steamwheelers,,,,,,,,0.0,,,,,,2.0,1.0,,11.0,1.0,11.0,16.0,21.0,2.0,32.0,2.0,,,,,,,,,,,
FOOTBALL_NAL_2026_5_9_T600411G1127167@T600414,2026-05-09,2026,10,NAL,Salina Liberty,Southwest Kansas Storm,1.0,0.0,0.0,0.0,0.0,0.0,0.0,,,,,,,,,,,,,,,,,,,,,,,0.0,0.0,,0.0,,
FOOTBALL_IFL_2026_5_30_TORLANDOPIRATESG20260530J4E8@TTUCSONSUGARSKULLS,2026-05-30,2026,12,IFL,Orlando Pirates,Tucson Sugar Skulls,,,,,,,,,,,,,,,,,,,,5.5,14.0,0.0,22.0,4.0,0.5,1.0,2.0,0.0,1.0,,,,,,
FOOTBALL_IFL_2026_6_7_TNEWMEXICOCHUPACABRASG20260607JMSK@TTUCSONSUGARSKULLS,2026-06-07,2026,13,IFL,New Mexico Chupacabras,Tucson Sugar Skulls,0.0,,,,,,,,,,,,,,,,,,,37.0,37.0,1.0,37.0,1.0,3.0,7.0,2.0,0.0,6.0,,,1.0,1.0,,
FOOTBALL_IFL_2026_6_13_TTUCSONSUGARSKULLSG20260613XZNU@TVEGASKNIGHTHAWKS,2026-06-13,2026,14,IFL,Tucson Sugar Skulls,Vegas Knight Hawks,0.0,,,,,,,,,,,,,,,,,,,7.0,7.0,0.0,14.0,2.0,0.3,4.0,3.0,1.0,1.0,,,5.0,5.0,1.0,0.0
FOOTBALL_IFL_2026_6_20_TARIZONARATTLERSG20260620GMCA@TTUCSONSUGARSKULLS,2026-06-20,2026,15,IFL,Arizona Rattlers,Tucson Sugar Skulls,,,,,,,,,,,,,,,,,,,,4.5,6.0,1.0,9.0,2.0,-6.0,0.0,1.0,0.0,-6.0,,,,,,
FOOTBALL_IFL_2026_7_11_TTUCSONSUGARSKULLSG20260711B8WE@TARIZONARATTLERS,2026-07-11,2026,16,IFL,Tucson Sugar Skulls,Arizona Rattlers,1.0,,,,,,,,,,,,,,,,,,,,,,,,,,,,,,,1.0,2.0,,
FOOTBALL_IFL_2026_7_19_TNAZWRANGLERSG20260719SJ7Z@TTUCSONSUGARSKULLS,2026-07-19,2026,19,IFL,NAZ Wranglers,Tucson Sugar Skulls,,,,,,,,,1.0,-14.0,0.0,0.0,-14.0,,,,,,,26.0,26.0,1.0,26.0,1.0,,,,,,,,,,,
FOOTBALL_IFL_2026_7_24_TTUCSONSUGARSKULLSG20260724I0UY@TSANDIEGOSTRIKEFORCE,2026-07-24,2026,20,IFL,Tucson Sugar Skulls,San Diego Strike Force,,,,,,,,,,,,,,,,,,,,1.0,1.0,0.0,1.0,1.0,7.0,7.0,1.0,0.0,7.0,,,,,,
